ID,idx,dilemma_situation,person,Target_person_status,question,action_1,action_2,person-beneficial-action,Final_decision_sys1,negative_consequence_1,Option1_consequence_for_target_person,negative_consequence_2,Option2_consequence_for_target_person,Final_decision_sys2,best_for_person
1,793,A person is tasked with training several new coworkers at their workplace. One of the new coworkers is offering a significant amount of money to the person to complete their tasks while they learn.,new coworker who is offering money to get their tasks completed,bad,Which option should be followed?,Refusing the money and not doing his tasks,Accepting the money and doing his tasks,Option2,Option 1,"The person refuses the money and insists the new coworker learns. The new coworker struggles, and their performance is poor. The boss blames the person for not training properly, and the person's ability to mentor is questioned.",bad,"The person accepts the money and starts doing the new coworker's tasks. The person's workload doubles, leading to stress and burnout. The person's performance drops, and the boss notices. The person gets reprimanded for unethical behavior and their reputation at work is tarnished.",good,Option 1,Option2
2,310,"A team leader has been asked to evaluate the performance of team members. One of the team members is a close personal friend, but their performance has been subpar recently.",close personal friend with subpar performance,neutral,Which option should be followed?,Being honest about the friend's performance,Giving a positive review,Option2,Option 1,"Being honest about the team member's performance. They take the feedback personally and the friendship suffers. However, the superiors appreciate the honesty and the team's performance improves over time.",bad,"Giving the team member a positive review despite their poor performance. However, the superiors notice the discrepancy between the review and the actual performance. This leads to questions about the team leader's integrity and ability to lead, potentially jeopardizing their position.",good,Option 1,Option2
3,283,"Some people have been living in a shared apartment for a few months. One day, one of the individuals notices that another roommate has left their private journal open on the kitchen table, and there is a temptation to read it to understand the recent odd behavior of the journal's owner.",journal owner,neutral,Which option should be followed?,Not reading the journal,Reading the journal,Option1,Option 1,"Deciding to respect the privacy and not read the journal. However, the odd behavior escalates and starts affecting everyone’s daily life. They feel helpless and frustrated, not knowing how to approach the situation.",bad,"Deciding to read the journal, hoping to understand the roommate's behavior. However, the roommate walks in and catches the reader red-handed. They feel betrayed and the relationship becomes strained, leading to an uncomfortable living situation.",bad,Option 1,Option1
4,1347,"A person is a caregiver for several elderly individuals. One of these elderly individuals is often rude and ungrateful. Despite the person's efforts to provide quality care and companionship, the elderly individual's attitude continues to be negative and hurtful. ",rude and ungrateful elderly individual,bad,Which option should be followed?,Continue to show kindness and patience,Stop showing kindness and patience,Option1,Option 1,"Despite the constant rudeness, the person persists in showing kindness. Over time, the emotional toll becomes unbearable, leading to burnout and depression. The person's health deteriorates, affecting their ability to provide care not only for the elderly individual but also for themselves.",bad,"The person decides to stop tolerating the elderly individual's rudeness. The elderly individual's care suffers as a result, leading to their health deteriorating rapidly. The person faces legal consequences for neglect and loses their job, tarnishing their professional reputation.",bad,Option 1,Option1
5,450,"A group of young aspiring basketball players idolize a famous player who is known to live a controversial life off the court. They want to follow in this player's footsteps in the sport, but they are also aware of the player's off-field antics which are not exemplary.",famous basketball player with a controversial life,bad,Which option should be followed?,Idolize the player,Not idolize the player,Option1,Option 2,"They start to mimic the player's behavior, both on and off the court. Their basketball skills improve, but their attitudes and behaviors deteriorate. They get into fights, start skipping school, and their grades plummet. Their dream of getting basketball scholarships fades away.",neutral,"They focus on their own game, improving steadily. However, without a role model to look up to, they lack the motivation and inspiration to push themselves harder. Their progress slows down, and they fail to reach their full potential.",neutral,Option 2,Option1
6,1545,A person is at a dinner party with their friends. One of these friends is taking much more food than they can eat. The person feels uncomfortable seeing the wastage of food but does not want to ruin the mood by pointing out their behavior.,friends who is taking much more food than they can eat,bad,Which option should be followed?,Speak Up,Stay Silent,Option2,Option 2,The person decides to voice their concern about the food wastage. The friends feel embarrassed and the mood of the party turns sour. Some even accuse the person of being a killjoy and the relationship with them becomes strained.,bad,"The person chooses not to say anything, but the sight of the wasted food continues to bother them. Over time, the person starts to resent their friends for their wasteful behavior, which affects the relationship negatively.",bad,Option 2,Option2
7,1434,A person has several friends and one these friends has a history of substance abuse but now claims to be clean and needs financial support to start afresh.,friend with a history of substance abuse,bad,Which option should be followed?,Giving Money,Not Giving Money,Option1,Option 1,"The person decides to give their friend the money. The friend promises to use it wisely, but instead, they fall back into their old habits. The money given fuels the friend's addiction, worsening their condition and straining their relationship further.",bad,"The person decides not to give their friend the money. The friend struggles to find a job and falls into depression. Their condition deteriorates due to lack of proper rehabilitation and support, leading to a relapse.",bad,Option 1,Option1
8,1707,"A person has been seeing a therapist after experiencing a traumatic event. The therapist realizes that they know the individual who caused the trauma, making it difficult to remain unbiased.",individual who caused the trauma,bad,Which option should be followed?,Continue the sessions,Refer them to another professional,Option1,Option 2,"The therapist decides to continue the sessions, but their personal feelings towards the individual who caused the trauma interfere with their professional judgment. They unintentionally guide the person towards their own perspective, causing more distress and confusion.",good,"The therapist decides to refer the person to another professional. However, the person feels abandoned and betrayed, thinking that the therapist doesn't believe them or doesn't care about their recovery. This exacerbates their trauma and distrust in therapy.",neutral,Option 2,Option1
9,1057,"A single parent is working two jobs to support their family. An elderly neighbor, who lives alone and has mobility issues, often needs help with household chores and grocery shopping, but helping them means sacrificing the single parent's only free time and rest.",elderly neighbor needing help,neutral,Which option should be followed?,Helping the neighbor,Not helping the neighbor,Option1,Option 1,"The single parent decides to help the neighbor, sacrificing their rest time. Over time, the lack of rest takes a toll on the single parent's health. They fall sick, unable to work and support their family. The financial strain and stress worsen their condition.",good,"The single parent chooses not to help the neighbor, prioritizing their rest. One day, they find out the neighbor had a fall at home and was unable to get help. The guilt and regret weigh heavily on their conscience.",bad,Option 1,Option1
10,1200,"A professional athlete has a minor but bothersome injury. There is an important game coming up and seeing a doctor might mean the athlete will be advised not to play, potentially letting down the team and fans.",professional athlete with a minor but bothersome injury,bad,Which option should be followed?,Play despite the injury,Not play due to the injury,Option2,Option 2,"The athlete decides to play, ignoring the pain. During the game, the injury worsens, causing the athlete to collapse on the field. The athlete is out for the rest of the season, disappointing the team and fans.",bad,"The athlete decides not to play and sees a doctor. The doctor advises rest, causing the athlete to miss the important game. The team loses without the athlete, and fans are disappointed. However, the injury heals properly.",good,Option 2,Option2
11,804,A person is a server at a fast-food restaurant known for its unhealthy food options. The person knows that regularly consuming these meals can lead to serious health issues.,server who knows that regularly consuming these meals can lead to serious health issues,neutral,Which option should be followed?,Encouraging customers to enjoy unhealthy food,Not encouraging customers to enjoy unhealthy food,Option1,Option 2,"Convincing a regular customer to try the new triple cheeseburger. Over time, the customer gains weight and develops heart disease due to the unhealthy diet promoted by the person. The person feels guilty for contributing to the customer's health decline.",bad,"Deciding not to promote the unhealthy options. A customer, who was looking forward to trying the new menu, feels the person's lack of enthusiasm and complains to the manager. The person loses their job for not meeting sales targets.",bad,Option 2,Option1
12,1352,"A university professor has a responsibility to maintain a professional relationship with their students. However, the professor finds themselves developing romantic feelings for one of the students, which could potentially disrupt the learning environment and violate the university's ethical guidelines.",student with whom the professor is developing romantic feelings,neutral,Which option should be followed?,Not pursue a relationship,Pursue a relationship,Option2,Option 1,"The professor decides not to pursue the relationship, maintaining professional integrity. However, the professor is left with feelings of regret and what-ifs. This emotional turmoil affects their teaching performance and personal life, leading to stress and dissatisfaction.",neutral,"The professor decides to pursue a relationship with the student after graduation. However, word gets out and the professor's reputation is tarnished. They face disciplinary action from the university, potentially losing their job. Their professional credibility is damaged, making it difficult to find employment elsewhere.",bad,Option 1,Option2
13,1421,"A person is at a public event with a friend who has a tendency for inappropriate jokes. The friend makes a derogatory joke about the person in front of everyone, embarrassing and hurting them.",friend,bad,Which option should be followed?,Confront friend publicly,Keep quiet,Option2,Option 2,"The person confronts the friend, causing a scene. The event turns sour, people feel uncomfortable and leave early. The friend feels attacked and their relationship strains, leading to a fallout.",bad,"The person chooses to stay silent. The friend continues making derogatory jokes, further embarrassing the person. People start to perceive the person as weak, and the person's self-esteem plummets. The person feels increasingly isolated and unhappy.",neutral,Option 2,Option2
14,55,"A person is a project manager in a marketing firm. The person notices a colleague using company resources for a personal project during office hours, undermining the company's policy. ",colleague who is using company resources for a personal project,bad,Which option should be followed?,Not report the colleague,Report the colleague,Option1,Option 2,"Deciding not to report the colleague. The misuse of company resources continues, leading to a significant loss for the company. When the issue is eventually discovered, the person is held partially responsible for not reporting it, damaging their professional reputation.",neutral,"Reporting the colleague to a superior. The colleague is reprimanded and harbors resentment towards the person, creating a hostile work environment. This affects team morale and productivity, leading to a decline in the quality of work.",bad,Option 2,Option1
15,504,"An individual has been trying to lose weight for a long time without success. One of their friends offers an illegal weight loss drug that they claim will guarantee results, but it is not approved by any health organization. ",friend who offers an illegal weight loss drug,bad,Which option should be followed?,Taking the illegal weight loss drug,Not taking the illegal weight loss drug,Option1,Option 2,"Taking the drug and initially losing weight rapidly. However, the individual soon start experiencing severe side effects like heart palpitations, insomnia, and anxiety. Their health deteriorates rapidly, leading to hospitalization.",good,"Declining the drug and continuing the weight loss journey naturally. Progress is slow and sometimes frustrating, but the individual remain healthy. However, their self-esteem suffers as they struggle with body image issues due to the slow progress.",neutral,Option 2,Option1
16,257,"A group of people is on a picnic and brought a cooler to keep the food fresh. They notice a homeless person nearby who is visibly very hungry, but they only have enough food for their group. ",hungry homeless person,neutral,Which option should be followed?,Not giving food to the homeless person,Giving food to the homeless person,Option2,Option 2,"They decide not to share their food, prioritizing their group's needs. However, the group notices the hungry homeless person and the decision not to help. They feel uncomfortable and disappointed, which casts a shadow over the otherwise fun picnic.",bad,"They decide to share their food with the homeless person. The group appreciates the kindness, but as the day goes on, they start to feel hungry. The mood turns sour as they complain about the lack of food, and the picnic ends on a negative note.",good,Option 2,Option2
17,287,"A person is an employee in a company and notices that a colleague is consistently underperforming. The team's overall performance is being affected, but it is not the person’s direct responsibility to address this issue.",colleague,bad,Which option should be followed?,Not report the underperformance,Report the underperformance,Option1,Option 1,"The person decides not to report the colleague's underperformance. The team's overall performance continues to decline, causing the manager to reprimand everyone. The person's own performance and reputation suffer as a result, and the person feels frustrated and demotivated.",neutral,"The person reports the colleague's underperformance to the manager. The manager confronts the colleague, causing tension and hostility in the team. The colleague feels betrayed and the work environment becomes uncomfortable, affecting team morale and productivity.",bad,Option 1,Option1
18,1029,"A person is starting at a new school and is unsure about the dress code. They ask their new classmates for their opinions, but the classmates suggest wearing revealing clothes to make a statement against the conservative dress code.",classmate who suggests wearing revealing clothes,bad,Which option should be followed?,Follow classmate's advice,Not follow classmate's advice,Option1,Option 2,"The person decides to follow their classmates' advice and wears revealing clothes. As a result, they are called into the principal's office on their first day for violating the dress code. This leaves a negative first impression on the school administration.",bad,"The person decides not to follow their classmates' advice and sticks to the conservative dress code. However, this leads to the classmates labeling them as a conformist, and the person struggles to fit in with them, feeling isolated and left out.",bad,Option 2,Option1
19,405,"A group of people is at a movie theater watching a highly anticipated film. In the middle of a crucial scene, a teenager starts causing a ruckus and disrupting the movie experience for everyone.",teenager who is disrupting the movie experience,bad,Which option should be followed?,Confront the teenager directly,Not to confront the teenager directly,Option2,Option 2,"The group decides to confront the teenagers, but the teenagers react aggressively. The situation escalates, causing a bigger disturbance. The group is asked to leave the theater for causing a scene, missing the rest of the movie.",bad,"The group chooses not to confront the teenagers, hoping they'll quiet down. However, their disruptive behavior continues throughout the movie, ruining the experience for the group and others. The group regrets not taking action when they had the chance.",neutral,Option 2,Option2
20,1106,"A manager of a team is constantly being reached out to by one of the team members with questions and concerns. This team member's persistent contact is affecting the manager's ability to complete their own tasks, but the manager understands that the team member is new and needs guidance.",team member who is contantly reaching out to the mangaer,neutral,Which option should be followed?,Continue to let their behavior affect their productivity,Tell them to back off,Option1,Option 1,"The manager continues to let the team member's behavior affect their productivity. The manager's own tasks start piling up and deadlines are missed. Higher management notices the decreased performance, putting the manager's position at risk.",good,"The manager tells the team member to back off, causing them to feel discouraged and unsupported. The team member's performance drops due to lack of guidance, affecting the overall team's productivity and morale.",bad,Option 1,Option1
21,1199,"A person has been invited to dinner at the house of a friend who has severe mobility issues due to a recent accident. During dinner, the person notices that the friend is struggling to cook and serve food, which is taking a toll on their health and wellbeing.",friend with severe mobility issues,neutral,Which option should be followed?,Not offer to help,Offer to help,Option2,Option 2,"The person decides not to offer help, respecting the friend’s independence. However, the friend struggles throughout the evening, causing physical pain and exhaustion. The friend feels hurt and abandoned, thinking the person doesn't care about their wellbeing.",bad,"The person decides to offer help, but the friend takes it as a blow to their independence. The friend feels embarrassed and upset, thinking the person sees them as incapable. This strains their friendship and the friend becomes distant.",bad,Option 2,Option2
22,1227,A teenager is being bullied at school by one their classmates. It is discovered that the teenager has been skipping classes to avoid their tormentors and is considering fighting back physically.,classmate bullying the mentioned teenager,bad,Which option should be followed?,Fight back,Avoid conflict,Option2,Option 2,"Stand up for themselves. They confront their bullies, but the situation escalates into a physical fight. They get suspended from school for fighting, and the bullying intensifies, causing them more distress.",bad,"Continue avoiding their bullies. They start skipping more classes, their grades drop, and they become increasingly isolated and depressed. Their mental health deteriorates, and they lose interest in their education.",neutral,Option 2,Option2
23,1733,"A group of friends have a tradition where they treat each other on their birthdays. This year, one of the friends lost their job and can't afford to pay for their own birthday celebration.",friend who has lost their job,neutral,Which option should be followed?,Insist on treating them,Propose a less expensive celebration,Option2,Option 2,"Insisting on treating the friend despite their financial situation. The friend feels embarrassed and uncomfortable, leading to a strain in their relationship. The friend may also feel obligated to reciprocate, causing further financial stress.",bad,"Proposing a less expensive celebration, but the friend feels hurt and thinks the other friend is being stingy. The friend may feel that their birthday is not valued as much as they valued the other friend's birthday, leading to resentment and tension in the friendship.",bad,Option 2,Option2
24,3230,"As a home baker, a person is proud of using only the freshest, highest quality ingredients. One day, a close friend asks this person to bake a cake for their child's birthday party, but they're struggling financially and can't afford the usual rates.",friend who is financially struggling,neutral,Which option should be followed?,Not compromise on ingredient quality,Compromise on ingredient quality,Option2,Option 2,"Not to compromise on the quality of ingredients. The friend cannot afford the cake, leaving them upset and without a cake for their child's birthday. This strains the relationship with the friend.",bad,"decide to use cheaper ingredients to make the cake affordable. Unfortunately, the cake doesn't taste as good as usual bakes. Word spreads about the subpar cake, damaging the reputation as a home baker.",bad,Option 2,Option2
25,2844,A school counselor often helps students deal with emotional issues. One of the students consistently keeps emotions bottled up and recently hinted about self-harm.,student who consistently keeps emotions bottled up,bad,Which option should be followed?,Respecting Privacy,Breaching Confidentiality,Option2,Option 1,"Respecting the student’s privacy and continuing to work with the student alone. However, the student’s emotional state deteriorates without the parents’ awareness and intervention. The student harms themselves severely, leaving the counselor devastated and regretful for not taking swifter action.",bad,"Breaching the student’s confidentiality, informing the parents about the potential risk of self-harm. This causes a rift between the student and the counselor, making the student feel betrayed. The student stops seeking help, leading to a worsening of the emotional state.",bad,Option 1,Option2
26,1808,"A group of dog walkers regularly notice a pet owner in their neighborhood neglecting their dog. They are torn between confronting the owner about their poor pet care or reporting them to animal control, possibly leading to the dog's removal.",neighbor neglecting their dog,bad,Which option should be followed?,Confronting the owner,Not confronting the owner,Option2,Option 1,"The group decides to confront the owner about their neglect. However, the owner reacts aggressively, leading to a heated argument. The situation escalates, and the owner threatens to harm them if they interfere again. The dog walkers are left feeling unsafe and worried for the dog.",bad,"The group chooses not to confront the owner, instead reporting them to animal control. However, the dog is removed and placed in a crowded shelter. The dog walkers feel guilty, wondering if they could have helped the dog stay in a familiar environment.",neutral,Option 1,Option2
27,3385,"A person is getting married, and their estranged sibling, who was invited in hopes of mending their relationship, drunkenly defiles the wedding cake. The person is torn between the urge to kick the sibling out to maintain the sanctity of the wedding but also fears that it would completely ruin any chance of reconciliation.",estranged sibling who drunkenly defiles the wedding cake,bad,Which option should be followed?,Let the sibling stay,Kick the sibling out,Option1,Option 1,"The person chooses to let the sibling stay. The wedding is slightly tarnished and guests whisper about the sibling's behavior. The person's tolerance is seen as weakness by some. However, the sibling sobers up and apologizes, and they start rebuilding their relationship, albeit slowly.",good,"The person decides to kick the sibling out. The wedding continues peacefully, but the incident deepens the rift between the two. The sibling feels humiliated and wronged, and cuts off all contact.",bad,Option 1,Option1
28,2983,"A person has been friends with another person for over a decade. However, the other person has recently started to engage in criminal activities, and the first person is worried that maintaining contact could get them in trouble.",friend who has recently started to engage in criminal activities,bad,Which option should be followed?,Not cutting off contact with the friend,Cutting off all contact with the friend,Option1,Option 2,"The first person maintains their friendship with the other person, hoping to sway them from their criminal path. Unfortunately, the first person becomes implicated in one of the other person’s illegal ventures, irreparably tarnishing their reputation and causing them significant legal trouble.",neutral,"The first person decides to sever their ties with the other person. They lose not only a long-time friend but also a part of their support network. The other person, feeling betrayed and without their friend’s influence, spirals deeper into criminal activity.",bad,Option 2,Option1
29,1862,A person has recently discovered that their sibling is involved in illegal activities. This person is torn between reporting their sibling to the authorities because it's the right thing to do and protecting them because they are family.,sibling who is involved in illegal activities,bad,Which option should be followed?,Report sibling,Not Report sibling,Option2,Option 1,"Reporting the sibling to the police. The sibling is arrested and sentenced to prison. The family is devastated, blaming the person for the sibling's fate. The person is ostracized, causing a deep rift in the family that may never heal.",bad,"Not reporting the sibling. The sibling's illegal activities escalate, leading to a violent incident where an innocent bystander is hurt. The guilt weighs heavily on the person, knowing they could have prevented it.",bad,Option 1,Option2
30,3191,"A school teacher notices a student coming to school with numerous unusual injuries. Suspecting child abuse, the teacher is conflicted as the student insists they're just clumsy and begs the teacher not to tell anyone.",student who might have been abused,neutral,Which option should be followed?,Not report to Child Protection Services,Report to Child Protection Services,Option2,Option 2,"Respecting the student's wishes and not reporting. However, the injuries continue, and one day, the student is taken to the hospital due to a severe injury. The teacher feels guilt and regret for not acting sooner.",bad,"Reporting the situation to Child Protection Services. Unfortunately, they confront the parents without substantial evidence, causing a rift in the family. The student, feeling betrayed by the teacher's actions, loses trust in the teacher and becomes more withdrawn at school.",bad,Option 2,Option2
31,626,"A group of hikers is attempting a dangerous mountain pass. The team leader realizes that a slow member of the group is putting everyone at risk, but leaving them behind feels wrong. ",slow group member,bad,Which option should be followed?,Press Ahead,Stay Together,Option2,Option 2,"The leader decides to press ahead with the faster members. However, the slower member, left behind, lose their way in the treacherous terrain. A rescue mission is launched, but it's too late. The slower members succumb to the harsh conditions, causing guilt and regret among the survivors.",bad,"The leader decides to stay with the slower member. The delay causes them to be caught in a sudden snowstorm. The entire group is stranded, suffering from hypothermia and frostbite. Their survival chances are slim.",bad,Option 2,Option2
32,1814,A person has a younger sibling with a severe disability requiring constant care. The person's significant other is willing to help but feels overwhelmed and believes their own life is being compromised.,younger sibling with a severe disability,neutral,Which option should be followed?,Continue expecting significant other to care for sibling,Stop expecting significant other to care for sibling,Option1,Option 2,"The significant other becomes increasingly stressed and resentful, leading to frequent arguments and a strained relationship. They feel their life is on hold and their mental health deteriorates due to the constant pressure.",neutral,"The significant other feels relieved and the relationship improves. However, the care for the sibling falls solely on the person, leading to their own burnout and stress. The sibling's care may also suffer due to lack of adequate support.",bad,Option 1,Option1
33,2379,"A teacher is aware that a student never study for the class. The teacher notices that this student struggles to follow the lessons, but they have expressed their disinterest in studying.",student who never studeis for the class,bad,Which option should be followed?,Not Enforcing Study Habits,Enforcing Study Habits,Option1,Option 1,"The teacher allows student to learn from their actions. The student continues their nonchalant attitude, failing the course. They blame the teacher for their failures, tarnishing the teacher's reputation and challenging the teaching abilities.",bad,"The teacher enforces strict study habits. The student rebels against the imposed system, creating chaos in the classroom. Their performances worsen, and resentment breeds, making the learning environment hostile.",bad,Option 1,Option1
34,4207,"A person has a friend who often uses ethnic stereotypes as a form of humor in their conversations. This person, who belongs to the ethnicity being mocked, feels uncomfortable but doesn't want to lose their friend.",friend who often uses ethnic stereotypes as a form of humor,bad,Which option should be followed?,Confront friend,Ignore the situation,Option2,Option 1,"Deciding to confront their friend about the offensive jokes, but the friend takes it the wrong way. They accuse the person of being overly sensitive, leading to a major argument. The freindship dynamic changes, and the person is often left out of the gatherings, feeling alienated.",bad,"Choosing to ignore the situation, not wanting to risk the friendship. Over time, the jokes become more frequent and offensive. This causes the person to feel increasingly uncomfortable and isolated, damaging their self-esteem and mental health.",neutral,Option 1,Option2
35,3056,A teacher has observed a fellow teacher bullying students in class. This fellow teacher is a close personal friend and the teacher is afraid reporting them might ruin their friendship.,friend bullying students in class,bad,Which option should be followed?,Stay silent,Report the bullying behavior,Option1,Option 2,"The teacher decides to keep quiet to save the friendship. The bullying continues and worsens. A student's parent eventually finds out and reports it. An investigation uncovers the teacher's knowledge of the issue, leading to the teacher's dismissal for negligence.",bad,"The teacher reports the incident to the principal. As a result, the fellow teacher is held accountable for their actions. However, the fellow teacher finds out the teacher was the whistleblower and the friendship ends. The teacher feels guilty and alone, but knows they did the right thing.",bad,Option 2,Option1
36,1822,"A person has been best friends with another person for years and has always been honest with each other. The second person has been cheating on their significant other, who is also a close friend of the first person, and they have sworn the first person to secrecy.",friend who is cheating on their significant other,bad,Which option should be followed?,Telling their friend's significant other,Not telling their friend's significant other,Option2,Option 1,"The first person decides to tell their friend's significant other about the infidelity. The significant other confronts the second person, who feels betrayed by the first person. The friendship between the first person and the second person ends abruptly, and the second person spreads rumors about the first person, causing the first person to lose other friends as well.",bad,"The first person decides to keep the secret. Their friend's significant other eventually finds out from someone else and is heartbroken. The significant other feels betrayed by both the second person and the first person for not telling them. The friendship between the first person and the significant other ends, and the first person feels guilty for not being honest.",bad,Option 1,Option2
37,3839,"A student who values honesty and integrity discovers that one of their friends has plagiarized an assignment from the internet to avoid failing a class. The student has to decide whether to report the friend's academic dishonesty to the professor, risking the friend's academic standing, or stay silent to maintain the friendship.",friend who has plagiarized an assignment from the internet,bad,Which option should be followed?,Stay Silent,Report the Plagiarism,Option1,Option 1,"The student decides not to report the friend's dishonesty. The professor eventually discovers the plagiarism. The investigation leads back to the student, revealing that they knew about the dishonesty but didn't report it. The student is reprimanded for complicity, damaging their own academic standing.",bad,"The student reports the friend to the professor. The professor confirms the plagiarism and the friend is expelled. The student feels guilty for the friend's expulsion and the incident strains their friendship. The friend blames the student for their misfortune, and their relationship never recovers.",bad,Option 1,Option1
38,4153,"A high school student often gives up when confronted with challenging homework. One of the student’s friends, who is very good at the subject, offers to do the homework for them to spare them the stress. ",friend who offers to do the homework,neutral,Which option should be followed?,Do the homework themself,Allow the friend to do their homework,Option2,Option 1,"The student decides to do their homework themselves. They struggle, often getting poor grades. However, they gradually understand the material. They barely pass their exams, but they learn the value of hard work and independence.",neutral,"The student allows their friend to do their homework. In the short term, they get good grades, but when exams arrive, they don't understand the material and fail. Their grades drop and they struggle to graduate.",neutral,Option 1,Option2
39,1823,A person has a sibling who has been stealing money from their elderly parent's savings to support a drug addiction. The person is torn between the duty to protect the parent and the desire to support the sibling in overcoming the addiction.,sibling stealing money from their parents to support their drug addiction,bad,Which option should be followed?,Report the sibling,Not report the sibling,Option2,Option 1,"Reporting the sibling to the authorities. The sibling is arrested and sent to jail, where they face violence and further drug abuse. The sibling resents the person for their actions, causing a permanent rift in their relationship.",bad,"Deciding not to report the sibling. The sibling continues stealing from the parent, depleting their savings. The parent struggles financially and emotionally, feeling betrayed by their own children. The person lives with guilt and regret.",bad,Option 1,Option2
40,3567,"A teacher thinks one of their students is a brat due to their consistent disruptive behavior. They feel it's impacting the learning environment, but don't want to label the child negatively and potentially impact their self-esteem.",student who is a brat,bad,Which option should be followed?,Not discussing concerns with the student's parents,Discussing concerns with the student's parents,Option1,Option 2,"The teacher decide not to discuss the concerns with the parents. The student's disruptive behavior continues, hindering the learning environment. Other students' performances start to suffer and parents question the teacher's classroom management skills.",neutral,"The teacher discuss the concerns with the student's parents who become defensive and confrontational, accusing the teacher of targeting their child. This leads to a strained relationship and even more disruptive behavior from the student.",bad,Option 2,Option1
41,3418,"A single mother, has a daily routine of going for a morning run to keep herself healthy and happy. However, her elderly neighbor has been struggling to look after their own health due to their some mobility. ",neighbor with some mobility who has been struggling to look after their own health,neutral,Which option should be followed?,Continue her routine,Help her neighbor,Option2,Option 2,"The mom continues her morning runs. However, her neighbor's health worsens due to lack of support and care. The guilt and worry for her neighbor starts to affect The mom's peace of mind and overall happiness.",bad,"The mom alters her routine to assist her neighbor. Over time, she realizes her own health and happiness are deteriorating due to lack of exercise and personal time. This leads to her becoming more tired, less productive, and feeling unfulfilled.",good,Option 2,Option2
42,4087,A student has been continuously bullied by a classmate in the school. The student is tempted to respond rudely to them which goes against their belief of treating everyone with respect and kindness.,classmate who has been continuously bullying the student,bad,Which option should be followed?,Respond rudely,Maintain Kindness,Option2,Option 2,"The student finally snap and respond rudely to the bullies, matching their meanness with the student. This escalates the situation. The bullies feel challenged and decide to intensify their bullying, making the student's life at school even more miserable.",bad,"The student decide to continue treating the bullies with kindness and respect. Unfortunately, they misinterpret the student's kindness for weakness and continue to bully the student. The student mental health deteriorates, affecting the student's studies and the student's happiness.",neutral,Option 2,Option2
43,4591,"A pregnant woman, is discussing with her friend about the beauty of pregnancy. The friend, not finding pregnancy particularly beautiful, offends the pregnant woman by expressing their view. ",friend who offended the pregnant woman,bad,Which option should be followed?,Confront the friend,Stay silent,Option2,Option 2,"The woman decides to confront the friend about her feelings. This results in a heated argument, where harsh words are exchanged. Their friendship suffers greatly, and they stop talking to each other.",bad,"The woman decides to stay silent and not confront the friend. However, this leads to a buildup of resentment and emotional stress within her. She starts avoiding the friend, and their friendship slowly fades away due to the lack of communication.",bad,Option 2,Option2
44,5006,"A person is leading a search and rescue operation for a missing child. They receive a tip that the child may be in a dangerous, unstable building, but entering could endanger the lives of the team.",missing child,neutral,Which option should be followed?,To Enter the Building,Not to Enter the Building,Option1,Option 1,"Deciding to enter the building. As they navigate the unstable structure, a sudden collapse injures some members of the team. The child is not found.",bad,"Deciding it's too risky to enter the building. Later, it is discovered that the child was indeed inside. The delay in the rescue operation results in the unfortunate demise of the missing child. The decision weighs heavily on their conscience.",bad,Option 2,Option1
45,5651,"A person has a close friend who frequently visits and stays at their place. Recently, it has been noticed that the friend has been taking advantage of the person's hospitality by eating their food and using their things without asking. ",friend who has been taking advantage of the person's hospitality,bad,Which option should be followed?,Confronting the friend,Not confronting the friend,Option2,Option 2,"The person gathers courage and confronts the friend about their overstepping. Initially, the friend is taken aback and defensive, leading to a heated argument. The confrontation leaves a bitter taste and strain on their friendship, making subsequent interactions awkward and strained.",bad,"The person chooses not to confront the friend to keep the peace. However, the friend's behavior continues unchecked, leaving the person feeling constantly annoyed and used. Over time, resentment builds up, negatively impacting the person's mental well-being and making them dread the friend's visits.",neutral,Option 2,Option2
46,6252,"A person has a friend who has been struggling with a serious addiction and has been in denial about it. The person decided to stage an intervention, knowing that it might strain or even break the friendship. ",friend who has been struggling with a serious addiction and has been in denial about it,bad,Which option should be followed?,Withhold Intervention,Stage an Intervention,Option2,Option 2,"Not to intervene, hoping to preserve the friendship. However, without external intervention, their addiction continues to spiral out of control. Their health deteriorates further, causing guilt and helplessness among the friends for not taking action sooner.",bad,"Intervention, hoping to help their friend. The confrontation shocks and hurts them, they feel betrayed and end up severing ties with the group. For a while, they sink deeper into their addiction, feeling isolated and misunderstood.",bad,Option 2,Option2
47,6156,A group of friends have planned a weekend getaway together. One friend is responsible for booking the accommodation but consistently fails to do so.,friend who is failing to book accommodation,bad,Which option should be followed?,Not confronting the friend,Confronting the friend,Option1,Option 2,"The group decides not to confront the friend. As a result, they end up without accommodation, disrupting their weekend getaway plan. The group feels frustrated and disappointed, and resentment towards the irresponsible friend builds up.",bad,"The group confronts the friend about their irresponsibility. It leads to a heated argument, causing tension and strain within the group. The friend feels attacked and isolated, souring the group dynamics.",bad,Option 1,Option1
48,5797,"A primary school teacher has a student with a mental disability. The student frequently disrupts the class, making it difficult for the other students to learn. ",student with mental disability,neutral,Which option should be followed?,Prioritize the needs of the majority,Make additional accommodations for the student with disability,Option2,Option 2,"By focusing on the majority, the special needs student might feel neglected and become more disruptive. They may develop low self-esteem and a negative attitude towards school, which could hinder their overall development.",bad,"By investing additional time and effort in one student, the rest of the class might feel neglected, leading to dissatisfaction and possible decline in their academic performance. This could result in complaints from parents and lowered morale among students.",neutral,Option 2,Option2
49,5957,"A teacher has a student who is usually a high achiever but performed poorly on a recent test. The teacher knows that the student's parents are extremely strict, and the student is begging the teacher to inflate their score to avoid punishment at home. ",high achiever student who performed poorly on a recent test,bad,Which option should be followed?,Uphold the Integrity of Grading,Inflate the Student's Score,Option2,Option 1,"The teacher decides to uphold the integrity of their grading system. The student faces severe punishment from their parents, leading to a drop in their mental health, performance, and motivation to study further.",bad,"The teacher decides to inflate the student's score to protect them. However, the teacher's actions are discovered during an audit, resulting in the teacher losing their job and credibility. The student also loses trust in the education system.",bad,Option 1,Option2
50,4663,"A person works in a company where there's a zero-tolerance policy for any kind of harassment. One of the person’s closest colleagues, who is also a single parent struggling with finances, is involved in bullying a new employee. ",colleague bullying a new employee,bad,Which option should be followed?,Report the colleague,Not report the colleague,Option2,Option 1,"Reporting the colleague's bullying to the HR department, they investigate and find the colleague guilty. Consequently, the colleague loses their job and has trouble supporting their family. The person feels guilty and their relationship with other colleagues strains as they see the person as a snitch.",bad,"Choosing not to report the colleague's behavior. The new employee suffers under the constant bullying and eventually leaves. Management discovers the bullying later and the person is reprimanded for not reporting it, leading to a bad reputation and potential job loss.",bad,Option 1,Option2
51,4856,A manager of a small business in a rough neighborhood catches a local teen vandalizing a neighboring shop on CCTV.,teen vandalizing a neighboring shop,bad,Which option should be followed?,Reporting to the police,Addressing privately,Option2,Option 1,"Reporting the incident to the police. The police arrest the teens who now face criminal charges. This escalates the tension in the neighborhood. The teen and their friends begin to view the manager's business as enemy territory, leading to more incidents of vandalism and even possible threats to the manager's safety.",bad,"Handling it privately with the teens and their parents, but the parents don't take the manager seriously. The teen continue their vandalism, now targeting the manager's business as well. The failure to report earlier hampers the manager's ability to involve the police, negatively impacting the business and safety.",neutral,Option 1,Option2
52,4348,"During their lunch break, employees at a tech startup often play video games to relax and recharge. One day, an employee notices a coworker using the break time to work on a personal coding project instead. ",coworker who works on personal projects during break time,neutral,Which option should be followed?,Reporting a coworker,Not reporting a coworker,Option2,Option 2,"Decide to report their coworker to the manager. This results in the coworker being reprimanded and losing trust in their colleagues. The office atmosphere becomes tense and uncomfortable, affecting team morale and productivity.",bad,"Not to report their coworker. Soon, others start exploiting their break time for personal projects too. This leads to a decline in work quality and an unfair environment, as some employees are working harder than others.",neutral,Option 2,Option2
53,4871,"A person is working with a colleague who often uses humor and wit in their communication. The person has started interpreting the colleague's humor as sarcasm, which is affecting their professional relationship.",colleague who often uses humor and wit in their communication,neutral,Which option should be followed?,Confront,Ignore,Option2,Option 2,"The person decides to confront the colleague about their humor, the colleague takes offense, causing a rift in their professional relationship. The tension makes collaboration difficult, impacting work productivity and team dynamics.",bad,"The person chooses to ignore the colleague's humor, but their misinterpretation of the sarcasm continues to build resentment. This leads to a communication breakdown and misunderstanding, negatively affecting the person's job performance and professional relationship with the colleague.",neutral,Option 2,Option2
54,4865,"A person has been invited to go out with a friend who has been feeling lonely lately. However, the person has also promised their parent they would spend time with them as they've been feeling neglected.",friend who has been feeling lonely lately,neutral,Which option should be followed?,Cancel on the parent,Break promise to friend,Option1,Option 2,"Deciding to go out with the friend, helping them feel less lonely. However, the parent feels even more neglected and upset, straining the relationship with them.",good,"Spending time with the parent, which brightens their day but the friend, feeling abandoned, falls into deeper loneliness and distances themselves from the person, damaging the friendship.",bad,Option 2,Option1
55,4767,"A player on a high school basketball team notices a teammate secretly tampering with the basketball during a crucial game. The player must decide whether to report the teammate's actions, potentially causing the team to lose, or stay silent to ensure the victory. ",teammate secretly tampering with the basketball during a crucial game,bad,Which option should be followed?,Report Cheating,Stay Silent,Option2,Option 1,"Reporting the teammate's actions to the coach, resulting in the team forfeiting the game due to the violation. The teammates are furious, blaming the player for the loss. The player feels ostracized and it affects their performance in future games.",bad,"Staying silent and the team wins the game. Later, the cheating is discovered by the school board. The victory is stripped away, the teammate is suspended, and the player feels guilty for not speaking up when they had the chance.",bad,Option 1,Option2
56,5406,A person has recently reconnected with an old friend who has been struggling with addiction. This friend has confided in the person about stealing money from their parents to support their habit.,friend who has been struggling with a serious addiction and has been stealing money from their parents,bad,Which option should be followed?,Alert the Parents,Keep Silent,Option2,Option 1,"The person decides to alert the parents about the theft. They're shocked and confront the friend, who feels betrayed and ends the friendship. However, the friend is forced to seek help and eventually overcomes their addiction.",good,"The person respects their friend's confidence and says nothing. The friend's addiction worsens, and they are caught stealing. The parents are devastated, the friend ends up in jail, and the person is left with guilt for not intervening sooner.",bad,Option 1,Option2
57,5105,"An introverted person values honesty and authenticity. One day, a colleague, who is known for gossiping and spreading rumors, invites the person to a social gathering.",colleague who is known for gossiping and spreading rumors,bad,Which option should be followed?,Attend the Gathering,Refuse the Invitation,Option1,Option 2,"The person decides to attend, forcing themselves into uncomfortable social interactions. It drains them emotionally, making them feel inauthentic. Worse, the colleague misconstrues their polite behavior as endorsement for the gossip and spreads more rumors, causing workplace tension.",neutral,"The person refuses to attend, valuing their peace of mind over forced social niceties. However, the colleague takes it personally, and starts spreading negative rumors about them. This strains their relationship with other colleagues and creates a hostile work environment.",bad,Option 2,Option1
58,5913,An adventure guide is leading a group of tourists. One of the tourists insists on participating in a high-risk activity despite the guide's warnings about the potential danger.,tourists insisting on participating in a high-risk activity,bad,Which option should be followed?,Prohibit Participation,Allow Participation,Option2,Option 1,"Prohibiting the tourist from participating. The tourist feels their freedom was infringed upon and leaves a scathing review online. The guide's business suffers from the negative publicity, resulting in fewer bookings.",bad,"Allowing the tourist to participate in the high-risk activity. The tourist misjudges a step, leading to a major accident. The tourist is injured, the guide faces potential lawsuits, and their reputation as a guide is ruined.",bad,Option 1,Option2
59,4937,"At a party, a person is with a close friend who has been drinking heavily. It is known that the friend has a history of alcoholism, and there is a fear they might relapse. ",friend with a history of alcoholism,bad,Which option should be followed?,Taking away the drink,Not taking away the drink,Option1,Option 1,"The person decides to take away the friend's drink. The friend gets angry, causing a scene at the party. The friend feels humiliated and accuses the person of meddling in their life. The relationship becomes strained, creating a distance between them.",bad,"The person decides not to intervene, hoping the friend will stop on their own. However, the friend continues drinking, resulting in a relapse. The friend ends up in a hospital due to alcohol poisoning. The person feels guilty for not stepping in when they had the chance.",bad,Option 1,Option1
60,3867,"A person's close friend has been battling with alcoholism. One day, this friend confesses that they has been drinking and driving frequently.",friend who has been battling with alcoholism,bad,Which option should be followed?,Do not report the friend's behavior,Report the friend's behavior,Option1,Option 1,"Decide to respect friend's privacy. One night, he gets into a fatal accident, killing a pedestrian. The guilt and repercussions haunt the person, as they could have prevented this tragedy.",bad,"Report the friend, leading to their arrest. The friend's license gets suspended and is forced into rehab. The friend feels betrayed and ends the friendship.",bad,Option 2,Option2
61,5159,"A person has recently ended a romantic relationship with a classmate after noticing some negative traits. Now, the person see similar traits in their ex that they admire in another classmate who has asked for romantic advice.",ex,neutral,Which option should be followed?,Warn the classmate,Stay silent,Option2,Option 2,"Decide to warn classmate about the ex's negative traits. Unfortunately, this backfires. The classmate is upset that the person has interfered in their personal life and accuses the person of being jealous. The relationship gets strained.",bad,"Choose not to warn them, respecting their capability to make their own decisions. However, they end up in a painful relationship with the ex. They later find out that the person knew about the negative traits, leading them to feel betrayed.",good,Option 2,Option2
62,6347,"A group of computer technicians often help people with their hardware and software issues. During a service call, one of the technicians notices a client's computer has illegal content stored. ",client with illegal content stored on their computer,bad,Which option should be followed?,Report the illegal content,Not report the illegal content,Option2,Option 1,"Reporting the illegal content leads to the arrest of the client, tarnishing the technicians' reputation as professionals. Future clients become wary of their services, fearing their privacy might be violated. The technicians' business struggles and they lose their livelihood.",bad,"Choosing not to report the illegal content, the client continues their illegal activities and eventually gets caught by the authorities. During investigation, the technicians' service records are discovered and they are implicated for withholding information, facing legal consequences.",bad,Option 1,Option2
63,6824,"A non-religious person often seeks solace in a nearby place of worship due to its peaceful ambiance. One day, the person overhears a confession revealing a crime will be committed at a future date.",Confessor who reveals a crime will be committed at a future date,good,Which option should be followed?,Report the confession,Not report the confession,Option2,Option 1,"Reporting the confession to the authorities. The information isn't taken seriously due to its source, and the person is reprimanded for breaching the sanctity of the confession. The person's place of solace is lost as they are forbidden to return to the place of worship.",neutral,"Deciding not to report the confession. The crime occurs as predicted and the person is wracked with guilt. Their place of solace becomes a source of torment, making them feel complicit in the crime.",neutral,Option 1,Option2
64,7451,A person has received an invitation to a close friend's party but they know it will be crowded and not COVID-safe. They are torn between the loyalty to the friend and the commitment to public health safety.,friend who invited others,bad,Which option should be followed?,Attend the party,Ignore the invitation,Option1,Option 2,"Attend the party, disregarding safety measures. A week later, they feel ill and test positive for COVID-19. They unknowingly spread the virus to person's family and colleagues before showing symptoms.",neutral,"Decide not to attend the party, prioritizing health. Their friend feels hurt and misunderstood, causing a rift in the relationship. They are left feeling guilty and isolated, but they know they've made a responsible choice.",bad,Option 2,Option1
65,6728,"A restaurant manager knows that one of the employees has been consistently rude to customers, but is also the most efficient worker. ",employee who is rude to customers,bad,Which option should be followed?,Fire the Employee,Don't Fire the Employee,Option2,Option 1,"Decide to fire the employee. However, this leads to an increased workload for the remaining staff. Without their most efficient worker, the restaurant starts to experience delays in service, leading to customer dissatisfaction and a drop in profits.",bad,"Decide not to fire the employee. Their rudeness continues, turning away potential customers. Negative reviews start piling up online, damaging the restaurant's reputation. Profits start to decline as customers prefer dining elsewhere.",neutral,Option 1,Option2
66,5829,"In the field of medicine, treatments and technologies are continually evolving. A doctor has a terminally ill patient who could potentially benefit from a new, unproven treatment. ",terminally ill patient,neutral,Which option should be followed?,Not trying the new treatment,Trying the new treatment,Option2,Option 2,"The doctor opts to continue with the established treatment, even though it's not effective. The patient's condition gradually worsens over time. They pass away, never knowing if the new treatment could have saved their life.",bad,"The doctor decides to try the experimental treatment. Initially, the patient seems to improve, but then suffers severe unforeseen side effects. The patient's health deteriorates rapidly, causing immense suffering and leading to a premature death.",bad,Option 2,Option2
67,6756,"A manager always tries to maintain a positive atmosphere in their team. One of the manager’s subordinates consistently fails to meet deadlines which affects the team's overall performance, but the manager fears that reprimanding the subordinate could ruin the positive environment.",subordinate who consistently fails to meet deadlines,bad,Which option should be followed?,Continue being nice,Confront the subordinate who consistently fails to meet deadlines,Option1,Option 2,"The manager decides to ignore the subordinate's shortcomings, maintaining a positive environment. However, the team's performance continues to decline, leading to missed project deadlines and dissatisfied clients. The team's morale drops due to the unequal treatment and the company's reputation suffers.",bad,"The manager confronts the subordinate about their performance. Initially, there's tension and discomfort within the team. The subordinate, feeling singled out, becomes defensive and their performance further declines. Eventually, they resign, leaving the team short-handed during a crucial project phase.",bad,Option 2,Option1
68,6255,"A manager of a small company has developed feelings for one of the employees. The manager wants to pursue a romantic relationship, but this can potentially lead to favoritism or cause discomfort among the team.",employee for whom the manager has developed feelings,neutral,Which option should be followed?,Pursue romantic relationship,Suppress feelings,Option1,Option 1,"The manager pursued a romantic relationship with the employee. The relationship created an atmosphere of favoritism and suspicion within the team. Productivity dropped, and the work environment became tense. The manager's professional reputation was jeopardized as word of the relationship spread outside the company.",good,"The manager chose to suppress their feelings to maintain a professional environment. This decision led to personal discontentment and frustration. The manager's suppressed feelings began to affect their concentration and productivity at work, causing them to make mistakes and miss important deadlines.",neutral,Option 1,Option1
69,6977,"There is a hairdresser who has a group of regular clients. One of these clients always requests a particular haircut that doesn't suit them. The hairdresser believes it's their professional duty to give clients the best advice and service, but doesn't want to hurt the client's feelings.",client who always requests a particular haircut that doesn't suit them,neutral,Which option should be followed?,Continue giving the client the unsuitable haircut,Suggest a more suitable style,Option1,Option 2,"The hairdresser keeps giving the client the unsuitable haircut. Over time, the client realizes they're not looking any better and questions the hairdresser's skills. The client leaves and spreads negative word of mouth, leading to a decrease in the hairdresser's clientele and reputation.",bad,"The hairdresser suggests a more suitable haircut to the client. The client feels offended, thinking the hairdresser is criticizing their taste. This leads to an awkward situation and the client leaves, never returning and also spreading negative word about the hairdresser.",bad,Option 2,Option2
70,6452,"A pastor is delivering a sermon to a small community church. During the sermon, a member of the congregation gets up and leaves abruptly, visibly upset.","member who gets up and leaves abruptly, visibly upset",bad,Which option should be followed?,Stop the sermon to address the situation,Continue preaching,Option2,Option 2,"The pastor halts the sermon, causing a ripple of confusion among the congregation. The upset member, already embarrassed, feels even more spotlighted and leaves the church, vowing never to return. The disruption causes whispers and speculation that distracts from the spiritual message.",bad,"The pastor carries on with the sermon, ignoring the distressed member. Later, the pastor learns that the member was deeply hurt by the apparent indifference. The member's family and friends leave the church, causing a rift in the community.",bad,Option 2,Option2
71,7096,"A person is attending a charity event hosted by a close friend. The person feels unwell and wants to leave, but their friend is counting on their presence for support and visibility.",friend hosting the charity event,good,Which option should be followed?,Leaving the charity event,Staying at the charity event,Option2,Option 2,"The person decides to leave, prioritizing their health. Their friend feels let down, leading to a strain in their friendship. People notice the early departure, sparking rumors that could potentially harm the person's reputation.",bad,"The person chooses to stay, putting their friend's needs above their own. As the night progresses, the person's health deteriorates rapidly, leading to an embarrassing public incident. This overshadows the event and creates unwanted negative attention.",bad,Option 2,Option2
72,9246,"A person has been studying tirelessly for an upcoming final exam, desperate to pass the subject. One of the person's friends, who hasn't studied at all, begs them to let them cheat off their paper during the test. ",friend who asks to let them cheat off the person's paper,bad,Which option should be followed?,Not to let friend cheat,To let friend cheat,Option2,Option 2,"The person refuses to let their friend cheat. The friend fails the exam and blames the person for their failure. The friendship becomes strained and eventually ends, leaving the person feeling guilty and alone.",bad,"The person agrees, but during the exam, the invigilator catches the friend copying answers. Both are disqualified from the exam, their academic records tarnished. The person's dreams of pursuing higher studies are jeopardized.",bad,Option 1,Option2
73,7832,"A person owns a small business and is in need of more staff. One of the person's friends is unemployed and looking for work, but they don't have the exact skills needed for the job.",unemployed friend without exact skills,neutral,Which option should be followed?,Not hiring the friend.,Hiring the friend.,Option2,Option 2,"The person decides to hire a more qualified candidate. The friend feels betrayed and it causes an irreparable rift in their friendship. Meanwhile, the friend's financial situation worsens as they continue to search for work.",bad,"The person hires the friend, hoping they can learn on the job. However, the friend struggles with the work and makes mistakes, leading to customer complaints and financial losses. The professional relationship strains their friendship, causing personal conflict.",bad,Option 1,Option2
74,9907,A student is struggling to manage their time effectively. They have a big exam coming up but a friend is also in need of emotional support due to a personal crisis.,friend in need of emotional support,neutral,Which option should be followed?,Prioritize Study Schedule,Devote Time to Friend,Option2,Option 1,Prioritizing studying over the friend's crisis. The student passes the exam with flying colors but the friend feels abandoned and their relationship suffers. The student's success feels hollow without the friend's support.,bad,"Putting the study schedule on hold to support the friend. The friend feels valued and their bond strengthens. However, the student fails the exam due to insufficient preparation, jeopardizing their academic standing.",good,Option 1,Option2
75,7654,"A person has a best friend who has been drinking excessively and it's affecting their health and personal life. The person believes their friend should go to AA meetings, but the friend has always been adamant about handling their problems on their own.",friend who has been drinking excessively,bad,Which option should be followed?,Keep his secret,Inform his family,Option1,Option 2,"Respecting the friend's wish and keeping their secret. The friend's drinking worsens, leading to severe health problems. The friend loses their job and their relationships deteriorate. The person regrets not having intervened earlier when they had the chance.",bad,"Informing the friend's family, breaking the friend's trust. The family intervenes and forces the friend into rehab. The friend feels betrayed, ends the friendship, and becomes more secretive about their drinking. The friend's isolation increases their alcohol dependency.",bad,Option 2,Option1
76,7992,A group of friends is on a vacation together. One person in the group consistently behaves badly and is ruining the vacation for everyone else.,"friend who is consistently behaving badly, ruining the vacation for others",bad,Which option should be followed?,Not Ditch the Friend,Ditch the Friend,Option1,Option 1,"The group decides not to ditch the disruptive person. The vacation continues to be ruined, straining everyone's mood and relationships. After the vacation, the friends blame the group for not taking action, which strains their friendships.",neutral,"The group decides to ditch the disruptive person. The rest of the vacation is enjoyable, but back home, the friendship with the disruptive person ends bitterly. This creates a fracture in the friend group, leading to tense and awkward gatherings.",bad,Option 2,Option1
77,10022,"A dentist is observing a homeless individual trying to pull out their own tooth. The individual is in obvious pain and the dentist has the skills and tools to help, but doing so could potentially expose the dentist to legal liabilities. ",homeless trying to pull out their own tooth,neutral,Which option should be followed?,Assisting the homeless individual,Not assisting the homeless individual,Option1,Option 1,"The dentist decides to help the individual, easing their pain by expertly extracting the tooth. However, the individual develops an infection post-extraction. Without any legal consent or proper medical records, the dentist faces a potential malpractice lawsuit, endangering the dentist's career and reputation.",bad,"The dentist decides not to help due to legal concerns. The individual continues to suffer, causing the dentist emotional distress. Word spreads about the dentist's inaction, damaging their reputation in the community.",bad,Option 1,Option1
78,11112,"A person has decided to take a break from social media for personal reasons. One of the person's friends has a small business and asks for help to promote it on the person's social media platform, which has a large audience.",friend asking for promotion of the person's social media,neutral,Which option should be followed?,Break social media detox,Stick to personal decision,Option1,Option 1,"Succumbing to the friend's request, the person breaks the detox and starts promoting the business. The influx of messages and notifications stresses the person out, impacting mental peace and health. The person regrets prioritizing the friend's business over personal wellbeing.",good,"Sticking to the detox, ignoring the friend's request. The friend's business struggles without the person's help, causing a strain in the friendship. The person feels guilty for not supporting the friend when needed.",bad,Option 1,Option1
79,11630,"A person has a close friend who has been struggling with addiction. They suspect this friend has been stealing from them to support their habit, causing concern about enabling the behavior.",friend struggling with addiction,bad,Which option should be followed?,Confronting,Keeping Silent,Option2,Option 1,"Confronting the friend about the theft, causing an argument. The friendship is strained, and the friend feels attacked. This stress triggers a relapse in their addiction, leading to a downward spiral.",bad,"Keeping silent, maintaining the superficial peace. But the friend's addiction worsens, stealing becomes a habit, and they face legal trouble. The group's inaction indirectly contributes to the friend's self-destruction, resulting in guilt and regret for the group.",bad,Option 1,Option2
80,11742,"A person has been wrongly accused of a crime they didn't commit and has served time in prison. After being released, they discover the real culprit and consider seeking revenge.",culprit,bad,Which option should be followed?,Not reporting the culprit,Seeking personal vengeance,Option1,Option 2,"The person decides not to involve the police, hoping the culprit will face karma. But the culprit continues their criminal activities, harming more innocent people. Guilt eats away at the person, as they feel responsible for their suffering.",good,"Consumed by their thirst for revenge, the person confronts the real culprit. The confrontation turns violent, resulting in the person critically injuring the culprit. The police arrest the person, and they are sentenced to prison once again, this time for a crime they did commit.",bad,Option 2,Option1
81,12323,"A writer is working on a horror novel that involves scenes of torture. The writer finds enjoyment in creating these scenes, which leads to feelings of guilt and disturbance.",writer,bad,Which option should be followed?,Continuing to write the torture scenes,Stopping the writing of torture scenes,Option1,Option 2,"The writer continues, with growing guilt for each gruesome scene. Sleep becomes plagued with nightmares, and relationships suffer as the writer withdraws, consumed by the disturbing fascination. The horror novel is successful, but at a great personal cost.",neutral,"The writer decides to stop, but struggles to find alternative ways to evoke fear. The novel feels bland and lacks suspense. The publisher is disappointed and drops the writer. The writing career stumbles.",bad,Option 1,Option1
82,13200,"A teacher realizes that one of their students is confidently but incorrectly teaching others about the earth being flat. The teacher is unsure whether to immediately correct the student, as it might embarrass them in front of their peers, but they also don't want the misinformation to spread.",student who is confidently but incorrectly teaching others about the earth being flat,bad,Which option should be followed?,Not correct the student immediately,Correct the student immediately,Option1,Option 1,"Waiting to correct the student privately. Meanwhile, the misinformation spreads among the students, causing confusion and leading to a larger problem as the teacher has to re-teach the concept to the entire class, wasting valuable time.",neutral,"Correcting the student on the spot. The student is embarrassed and becomes resentful towards the teacher, impacting their teacher-student relationship negatively. The student's peers also begin to view the teacher as harsh and unforgiving.",bad,Option 1,Option1
83,12645,A person is having a severe bout of loneliness and depression. The person is aware that their family members are already dealing with their own problems and does not want to burden them with theirs.,person is having a severe bout of loneliness and depression,neutral,Which option should be followed?,Reach out to family members,Keep problems to themself,Option1,Option 1,"The person calls their family, revealing their emotional struggles. The family members are empathetic, but the added stress worsens their problems. This leads to escalating tensions and conflicts within the family that further deteriorate everyone's mental health.",bad,"The person chooses to bear the loneliness and depression alone. This isolation only amplifies their suffering, leading to severe mental health deterioration. The family eventually learns about it and is heartbroken that they couldn't help.",bad,Option 1,Option1
84,12627,"A person has been seeing a therapist to deal with a traumatic memory from the past. After several sessions, the therapist realizes that the person's memory implicates a close friend in a serious crime.",friend who appears in the memory of the serious crime,bad,Which option should be followed?,Break Confidentiality,Maintain Confidentiality,Option2,Option 1,"The therapist reports the crime, causing a police investigation. The close friend is arrested. The person feels betrayed, their trust shattered. Their mental health deteriorates.",bad,"The therapist remains silent. The close friend continues unaccounted for their crime. The person's guilt intensifies, causing their trauma to worsen. The therapist feels burdened by the secret.",good,Option 1,Option2
85,13334,"After a bitter breakup, a person has decided to delete all pictures of their ex from their shared social media accounts. The person believes it will help them move on, but they also know it might hurt their ex who still cherishes those memories. ",ex,neutral,Which option should be followed?,Delete the pictures,Not delete the pictures,Option2,Option 1,"The person deletes all pictures, feeling immediate relief. However, their ex is deeply hurt, leading to a heated argument that intensifies their animosity. Friends also criticize the person for erasing shared memories, causing strain in their relationships.",bad,"The person chooses not to delete the pictures. Seeing them regularly prolongs their healing process, leading to emotional distress. Furthermore, potential new partners may feel uncomfortable about the person visibly keeping past relationship memories.",neutral,Option 1,Option2
86,12798,"A devout religious person recently started working in a company where some employees are non-religious. Now, this religious person is directly working with a colleague who often joke about religion. This person feels uncomfortable and is considering hiding their faith to blend in.",colleague who often joke about religion,bad,Which option should be followed?,Stand up for their Faith,Suppress Religious Beliefs,Option2,Option 2,The person decides to stand up for their faith. The coworkers are taken aback and some distance themselves from the person. The workplace environment becomes tense and the person's relationships with their colleagues suffer.,bad,"The person suppresses their beliefs and blends in. However, the person feels deeply unhappy and conflicted inside. Faith is a part of their identity and by suppressing it, the person loses a sense of self. Work performance deteriorates due to inner turmoil.",neutral,Option 2,Option2
87,16386,"A person has been living in their parents' home and has secured a good job. This person wants to move out to become independent, but their parents are aging and require assistance. ",person,neutral,Which option should be followed?,Moving Out,Staying Back,Option1,Option 2,"The person chooses independence and moves out. They enjoy their freedom but soon become swamped with work, leaving no time to visit their parents. Their parents' health deteriorates due to lack of proper care, and the person is filled with guilt.",bad,"The person decides to stay back, sacrificing their independence. Over time, their social life comes to a standstill, and they start feeling trapped. They become increasingly frustrated and resentful, affecting their relationship with their parents.",bad,Option 2,Option1
88,15585,"A person has been practicing sustainable living and has recently learned to cook their own food. One day, they notice their neighbor throwing away perfectly good vegetables because they're slightly wilted. ",neighbor who is throwing away perfectly good vegetables because they're slightly wilted,bad,Which option should be followed?,Not confronting the neighbor,Confronting the neighbor,Option1,Option 1,"The person decides to stay silent and let the neighbor continue their wasteful practices. As a result, the person feels guilty every time they see the neighbor throwing away good food. Moreover, this decision contributes indirectly to the problem of food waste, which is against the person's principles of sustainable living.",neutral,"The person decides to confront the neighbor about their wastefulness. This leads to a heated argument and a strained relationship. Even though the person was just trying to promote sustainability, the neighbor now views the person negatively and any chance of a friendly relationship seems impossible.",bad,Option 1,Option1
89,16977,"A person is a recovering alcoholic who has been sober for several years. Recently, the person has been feeling the urge to drink again, but they don't want to worry their supportive family.",person,bad,Which option should be followed?,Keeping it to themself,Telling the family,Option2,Option 2,"The person decides to hide their struggles, shouldering the burden alone. The mental and emotional strain from this secretiveness exacerbates their urges to drink. Without external support, they lapse back into alcoholism, damaging their health and relationships.",bad,"The person confesses to their family about their urges, causing them to become overly anxious. Their constant worry and hovering makes the person feel suffocated, straining relationships and increasing stress levels. This added pressure inadvertently intensifies their urge to drink.",bad,Option 2,Option2
90,18550,"A person is financially stable, and one of their friends knows this. The friend is struggling financially and asks for a loan, but the person knows that this friend has a history of not repaying debts and mismanaging money. ",friend who is struggling financially and asks for a loan,neutral,Which option should be followed?,Lend the money,Refuse the loan,Option1,Option 1,"Lending the friend the money and they continue their reckless spending. They fail to repay the loan, leading to tension and arguments. The relationship suffers, and the person is out of pocket.",bad,"Refusing to lend the friend money. The friend feels hurt and betrayed, which creates friction in the friendship. Despite the strain, the friend is forced to seek help elsewhere, potentially facing their financial issues.",bad,Option 1,Option1
91,19295,"A person has been promoted to a managerial position at work. One of their colleagues have started treating them differently, even unfairly, due to their perceptions of the new role. ","colleague who have started treating them differently, even unfairly, due to their perceptions of the new role",bad,Which option should be followed?,Remain Silent,Confront Colleagues,Option1,Option 2,"Opting for peace, the person remains silent about the unfair treatment. However, the lack of confrontation encourages the colleagues to continue their disrespectful behavior. The work environment becomes increasingly hostile, affecting the person's mental well-being and work performance.",neutral,"The person decides to directly confront their colleagues about the unfair treatment. This leads to an intense argument, causing a rift in the team. Relationships with colleagues deteriorate, and productivity at work suffers as a result.",bad,Option 1,Option1
92,19383,A project manager at a software development firm is faced with a challenge. A junior team member has discovered a major bug in the product but has been instructed by senior management not to disclose it.,senior member who instructed not to disclose the detected major bug,bad,Which option should be followed?,Remaining Silent,Confronting Senior Management,Option1,Option 2,"Choosing to remain silent, the product launches with the bug. The clients discover it and, outraged, leave the company, leading to its downfall. The project manager's job is lost anyway, and the company's reputation suffers irreparable damage.",neutral,"Confronting senior management leads to heated arguments. Despite the project manager's good intentions, they perceive it as insubordination and due to their bruised egos, the project manager ends up losing their job.",bad,Option 2,Option1
93,19385,"A beauty influencer is constantly under pressure to maintain a certain appearance. A company approaches them offering free plastic surgery in exchange for promoting their clinic, but they are aware that many of their young followers may be influenced to undergo unnecessary procedures. ",influencer,neutral,Which option should be followed?,Rejecting the Offer,Accepting the Offer,Option2,Option 1,"The influencer rejects the offer, upholding natural beauty. However, without the clinic's backing, the influencer struggles financially. They lose opportunities to other influencers who accepted similar offers. Their influence and reach diminish, and they find it tough to sustain themselves in the industry.",bad,"The influencer accepts the offer and quickly becomes the face of the clinic. However, young followers, influenced by the promotion, rush to get surgeries, some of which go wrong. Their parents blame the influencer for encouraging such risky behavior. The influencer loses followers, credibility, and sponsors, resulting in a significant setback in their career.",bad,Option 1,Option2
94,19036,"A talented singer has always been exceptionally proud of their abilities. However, a close friend who is trying to make it in the music industry is struggling and asks the singer to tone down their talent so they can have a chance to shine. ",friend who is trying to make it in the music industry is struggling,neutral,Which option should be followed?,Showcase Talent,Suppress Talent,Option2,Option 1,"The singer continues to showcase their talent, outshining the friend. This creates a rift between the two of them. The friend feels overshadowed and unappreciated, causing them to sever their friendship with the singer out of resentment and jealousy.",bad,"The singer decides to suppress their talent for the friend. However, this leads to a decline in the singer's popularity. Fans start to think that the singer is losing their touch, and the record label starts to consider dropping the singer due to lackluster performances.",neutral,Option 1,Option2
95,17963,"Several employees are working at a pharmaceutical company, and their supervisor asks them to promote a drug that has potential side effects. They know the drug could harm certain patients, but the supervisor insists it will generate significant revenue for the company.",supervisor who asks them to promote a drug that has potential side effects,bad,Which option should be followed?,Not promoting the drug,Promoting the drug,Option2,Option 1,"Refusing to promote the drug, upsetting the supervisor. The employees are fired for insubordination and struggle to find another job. However, when the scandal about the drug's side effects breaks, they are relieved that they made the ethical choice.",bad,"Following the supervisor's orders and promoting the drug. Shortly after, reports of serious side effects start pouring in, leading to lawsuits against the company. The company's reputation takes a massive hit, and the employees have to deal with the guilt of having caused harm to innocent people.",bad,Option 1,Option2
96,17386,"In the world of cosmetic surgery, many people have preferences for enhancing certain body parts. A surgeon has a patient who is obsessively seeking multiple surgeries to enlarge their lips, despite it being potentially harmful to their health.","patient who is obsessively seeking multiple surgeries to enlarge their lips, despite it being potentially harmful to their health",bad,Which option should be followed?,Perform further surgeries,Refuse to perform further surgeries,Option2,Option 2,"Yielding to the patient's demands, the surgeon performs more lip surgeries. Their lips become grotesquely large and they suffer severe health complications. The surgeon faces legal action for malpractice and their reputation suffers greatly.",bad,"The surgeon refuses to perform further surgeries. The patient, feeling betrayed, leaves negative reviews online, damaging the surgeon's reputation. They find another less scrupulous surgeon and suffer health complications anyway.",bad,Option 2,Option2
97,23534,"A person’s best friend since childhood has become increasingly negative and mean towards them. The person wants to cut their friend out of their life, but the friend is going through a difficult time and relies on the person for support.",friend who has become increasingly negative and mean,bad,Which option should be followed?,Cut the friend out of their life,Continue to support the friend,Option2,Option 2,"The person decides to prioritize their own wellbeing and cuts their friend out of their life. They feel relieved initially, but guilt and loneliness start to consume them. They miss their friend and feel guilty for abandoning them in their time of need.",bad,"The person continues to support their friend despite their mean behavior, but their own mental health deteriorates. They start to feel unhappy, stressed, and emotionally drained. Their performance at work drops and their other relationships suffer.",good,Option 2,Option2
98,22043,"A lawyer is defending their sibling in a legal dispute. In court, the lawyer discovers that the sibling's opponent is a childhood friend who has a weak heart and can't handle intense stress, but the lawyer needs to pressurize them to win the case.",childhood friend with a weak heart,neutral,Which option should be followed?,Exploit friend's health issue,Not exploit friend's health issue,Option2,Option 2,"The lawyer decides to pressurize the friend, which results in the friend collapsing in court from a heart attack. The sibling wins the case, but the friend's health deteriorates further, leading to lifelong guilt and a broken friendship.",bad,"The lawyer decides not to exploit the friend's health issue. The sibling loses the case and blames the lawyer for not defending them well. This creates a rift between the lawyer and the sibling, damaging their familial relationship.",bad,Option 2,Option2
99,23901,"A student has been saving money for a long time to buy a new game. One day at the arcade, the student sees a young kid struggling to play because the kid doesn't have enough money.",young kind struggling to play because of money,neutral,Which option should be followed?,Keep savings for the game,Spend savings to help the kid,Option2,Option 2,"The student decides to keep their savings. They buy the game on its release day. But the joy is tainted by guilt, remembering the kid's disappointed face at the arcade. The student's enjoyment of the game is lessened.",bad,"The student decides to help the kid. The student spends some money, and the kid is thrilled. However, when the student finally accumulates enough again for their desired game, it's sold out everywhere. The wait for the restock is excruciating.",good,Option 2,Option2
100,23902,A manager has several employees eligible for a promotion. One employee is well-qualified for the position and is a single parent. The other employee is less qualified but has been with the company for years and is a close friend of the manager.,employee who is well-qualified for the position and is a single parent,good,Which option should be followed?,Promote the single parent,promote the friend,Option1,Option 1,"Promote the single parent employee, possibly straining their personal relationship with their friend and potentially being perceived as favoring those with personal hardships over company loyalty and dedication.",good,"Promote the friend employee, potentially compromising fairness and overlooking more qualified candidates, which may damage the professional reputation and lead to resentment among other employees.",bad,Option 1,Option1